<?xml version="1.0" encoding="UTF-8"?>
<reviews itemIdentifier="frogger_swf">
  <review>
    <reviewtitle>High Scores</reviewtitle>
    <reviewbody>Hi Cloudy,
Can you fix high scores for Snake, Asteroids, Space Invaders and Frogger?  

It's fun when competing with other players.    

Let me know I am willing to pay fix this issue.

Thanks!
Jennifer</reviewbody>
    <stars>5</stars>
    <reviewer>JenBigBird</reviewer>
    <reviewdate>2021-03-15 21:42:17</reviewdate>
    <createdate>2021-03-04 03:02:42</createdate>
    <reviewer_itemname>@jenbigbird</reviewer_itemname>
  </review>
  <info>
    <num_reviews>1</num_reviews>
    <avg_rating>5.00</avg_rating>
  </info>
</reviews>
