<?xml version="1.0" encoding="UTF-8"?>
<metadata>
  <identifier>frogger_swf</identifier>
  <mediatype>software</mediatype>
  <collection>softwarelibrary_flash_games</collection>
  <description>&lt;span style="color:rgb(37,37,37);font-family:Verdana, 'Helvetica Neue', Helvetica, Arial, 'Lucida Grande', sans-serif;font-size:12px;background-color:rgb(248,248,248);"&gt;Your task in this arcade game is to guide a frog across a treacherous road and river, and to safety at the top of the screen. Both these sections are fraught with a variety of hazards, each of which will kill the frog and cost you a life if contact is made.&lt;/span&gt;&lt;br style="color:rgb(37,37,37);font-family:Verdana, 'Helvetica Neue', Helvetica, Arial, 'Lucida Grande', sans-serif;font-size:12px;background-color:rgb(248,248,248);" /&gt;&lt;br style="color:rgb(37,37,37);font-family:Verdana, 'Helvetica Neue', Helvetica, Arial, 'Lucida Grande', sans-serif;font-size:12px;background-color:rgb(248,248,248);" /&gt;&lt;span style="color:rgb(37,37,37);font-family:Verdana, 'Helvetica Neue', Helvetica, Arial, 'Lucida Grande', sans-serif;font-size:12px;background-color:rgb(248,248,248);"&gt;The road is full of cars and trucks, at variable speeds. The river water itself is fatal, as are the snakes which hover within on later levels. Frogger must use the arrangement of logs, turtles (which are only there for a short time) and alligators (but stay away from their faces), and then jump into one of the open home-cells, ideally one containing a fly for extra points. Once all holes have been filled, you move onto the next, harder, level.&lt;/span&gt;</description>
  <scanner>Internet Archive HTML5 Uploader 1.6.4</scanner>
  <subject>Frogger</subject>
  <subject>Flash</subject>
  <title>Frogger (Neave)</title>
  <uploader>jen.waughtal@gmail.com</uploader>
  <publicdate>2020-10-28 13:11:11</publicdate>
  <addeddate>2020-10-28 13:11:11</addeddate>
  <curation>[curator]validator@archive.org[/curator][date]20201028131639[/date][comment]checked for malware[/comment]</curation>
  <emulator>ruffle-swf</emulator>
  <emulator_ext>swf</emulator_ext>
  <collection>softwarelibrary_flash</collection>
  <collection>softwarelibrary</collection>
  <collection>emulation</collection>
</metadata>
