<?xml version="1.0" encoding="UTF-8"?>
<files>
  <file name="00_coverscreenshot.png" source="original">
    <mtime>1702002622</mtime>
    <size>16991</size>
    <md5>f10b2c000e42fa821fd929b9828cfa3e</md5>
    <crc32>368490e8</crc32>
    <sha1>994113b222c7346d4129a86be59a636e8bbbe7a5</sha1>
    <format>PNG</format>
  </file>
  <file name="00_coverscreenshot_thumb.jpg" source="derivative">
    <format>JPEG Thumb</format>
    <original>00_coverscreenshot.png</original>
    <mtime>1702009257</mtime>
    <size>10362</size>
    <md5>0f5dd6a82035dc41f0bb089d137a6273</md5>
    <crc32>84dce51c</crc32>
    <sha1>e8a67a30ba6dc5eafd2b0b3c382aa870bff240af</sha1>
  </file>
  <file name="__ia_thumb.jpg" source="original">
    <mtime>1702002755</mtime>
    <size>13586</size>
    <md5>19d222aca49c76709b8fbc71ecb5a5a4</md5>
    <crc32>4258cde9</crc32>
    <sha1>fbb3c167025738690dc14d4215bcf2187d099814</sha1>
    <format>Item Tile</format>
    <rotation>0</rotation>
  </file>
  <file name="bandicam 2020-10-28 07-38-04-307.jpg" source="original">
    <mtime>1603890629</mtime>
    <size>69386</size>
    <md5>59b168f624a7fc228fde6fae7703a0df</md5>
    <crc32>85907400</crc32>
    <sha1>b34afbbf10009f07f0ed6e9166cd78a75c6745be</sha1>
    <format>JPEG</format>
    <rotation>0</rotation>
  </file>
  <file name="bandicam 2020-10-28 07-38-04-307_thumb.jpg" source="derivative">
    <format>JPEG Thumb</format>
    <original>bandicam 2020-10-28 07-38-04-307.jpg</original>
    <mtime>1603891015</mtime>
    <size>4513</size>
    <md5>0b3918ff6078bad31d32f047e6c65afb</md5>
    <crc32>a9e8b499</crc32>
    <sha1>6dd97a2a130dc75654800272ba9cb00ba86e4c0a</sha1>
  </file>
  <file name="bandicam 2020-10-28 07-38-06-304.jpg" source="original">
    <mtime>1603890672</mtime>
    <size>135877</size>
    <md5>84c424801b0bf0a40c99a72a9026b8b3</md5>
    <crc32>dbf0f991</crc32>
    <sha1>aa1e3c2ae2bf0a5bc54d7fc87314cd0c557d1a15</sha1>
    <format>Emulator Screenshot</format>
    <rotation>0</rotation>
  </file>
  <file name="bandicam 2020-10-28 07-38-06-304_thumb.jpg" source="derivative">
    <format>JPEG Thumb</format>
    <original>bandicam 2020-10-28 07-38-06-304.jpg</original>
    <mtime>1603891018</mtime>
    <size>7829</size>
    <md5>2ee9c6bf300b0c10fb69c3029ea5e5ac</md5>
    <crc32>f5c4e95e</crc32>
    <sha1>32e318e87fa0fdc6faa589d74d29d4957b5033f0</sha1>
  </file>
  <file name="frogger.swf" source="original">
    <mtime>1603890675</mtime>
    <size>48036</size>
    <md5>2766bd1136cc0e3f7e0444a2b1e7e03c</md5>
    <crc32>96267ccd</crc32>
    <sha1>17940e6134ab5abd4979e888ad63dad6a2ea5f8e</sha1>
    <format>Shockwave Flash</format>
    <length>1.46</length>
    <height>0</height>
    <width>0</width>
  </file>
  <file name="frogger_swf_archive.torrent" source="metadata">
    <btih>a952fbdf3d8a4870e61f11c2942ad0ec81a695e4</btih>
    <mtime>1727515853</mtime>
    <size>9410</size>
    <md5>02897515dcb07f2a3e0a159a76dbc722</md5>
    <crc32>a6b84dae</crc32>
    <sha1>66a94fdcbafdcbc976e62c6786b32ddd27bc0e79</sha1>
    <format>Archive BitTorrent</format>
  </file>
  <file name="frogger_swf_files.xml" source="original">
    <format>Metadata</format>
    <md5>c67d9362930430c147bad6bea3625dd5</md5>
    <summation>md5</summation>
  </file>
  <file name="frogger_swf_meta.sqlite" source="original">
    <mtime>1702002718</mtime>
    <size>40960</size>
    <md5>abff4faa5862b1fd394263738aea9088</md5>
    <crc32>f444b4f4</crc32>
    <sha1>b396ddef47d8d14ccf95e93a566a1010763656d2</sha1>
    <format>Metadata</format>
  </file>
  <file name="frogger_swf_meta.xml" source="original">
    <mtime>1702002751</mtime>
    <size>2264</size>
    <md5>fc42ea9a9f0cfa314ee32070322d7eac</md5>
    <crc32>e0765a42</crc32>
    <sha1>500691279aa4334ee0c160c2c508172a2e39cbba</sha1>
    <format>Metadata</format>
  </file>
  <file name="frogger_swf_reviews.xml" source="original">
    <mtime>1727515852</mtime>
    <size>683</size>
    <md5>33fe18338751c2a5554f224cb68b1afe</md5>
    <crc32>58b7f65d</crc32>
    <sha1>160e5ceb9642b1eeacb9023a75e34e43deedfece</sha1>
    <format>Metadata</format>
  </file>
  <file name="frogger_swf_screenshot.gif" source="original">
    <mtime>1702002669</mtime>
    <size>412932</size>
    <md5>df1a9230c0c7b3ddbe959281d790feaf</md5>
    <crc32>ee05bcda</crc32>
    <sha1>aa82dda48464c10e24b95f63bf806279f6235be5</sha1>
    <format>Emulator Screenshot</format>
  </file>
  <file name="screenshot_00.png" source="original">
    <mtime>1702002624</mtime>
    <size>15094</size>
    <md5>911abc9cc8b7dc04b2ccaa1271d2a5bd</md5>
    <crc32>0cb24576</crc32>
    <sha1>06dc99996679afb7facb0126db19a05a6e3c2050</sha1>
    <format>PNG</format>
  </file>
  <file name="screenshot_00_thumb.jpg" source="derivative">
    <format>JPEG Thumb</format>
    <original>screenshot_00.png</original>
    <mtime>1702009260</mtime>
    <size>9845</size>
    <md5>3d4dbdb71c8e81af2deadca22d49ed49</md5>
    <crc32>bd0ed0b4</crc32>
    <sha1>6221a9ad22caed04264eb543514256a8d4ee4253</sha1>
  </file>
  <file name="screenshot_01.png" source="original">
    <mtime>1702002628</mtime>
    <size>15505</size>
    <md5>a2fdf31fc47fb0a6f97d60d660cda1e6</md5>
    <crc32>16d4fba1</crc32>
    <sha1>5785babded1df6c9b8b24968c2c1947b19e01457</sha1>
    <format>PNG</format>
  </file>
  <file name="screenshot_01_thumb.jpg" source="derivative">
    <format>JPEG Thumb</format>
    <original>screenshot_01.png</original>
    <mtime>1702009262</mtime>
    <size>9937</size>
    <md5>3a99f67109b0a18aa88e49c651dc3e21</md5>
    <crc32>2280f6f9</crc32>
    <sha1>6ee705fb8795470c974cb174e21b49d2dfa309a9</sha1>
  </file>
  <file name="screenshot_02.png" source="original">
    <mtime>1702002629</mtime>
    <size>15637</size>
    <md5>8eddbb760276bdaf742b325613aed8ec</md5>
    <crc32>9c07f7dd</crc32>
    <sha1>fa96f621aa8d92e7b2203c590f1073c34ed7e5b9</sha1>
    <format>PNG</format>
  </file>
  <file name="screenshot_02_thumb.jpg" source="derivative">
    <format>JPEG Thumb</format>
    <original>screenshot_02.png</original>
    <mtime>1702009265</mtime>
    <size>10110</size>
    <md5>89f831697f6989f3039ecbc21ce58d97</md5>
    <crc32>7ccef194</crc32>
    <sha1>ba7d033482b6f414448615bdac4a279f643cff77</sha1>
  </file>
  <file name="screenshot_03.png" source="original">
    <mtime>1702002634</mtime>
    <size>16102</size>
    <md5>5e3a976777cf34e3094f385797b437d7</md5>
    <crc32>0fbb3340</crc32>
    <sha1>aec0fa18367d86ea64721bbba390020bb1976cce</sha1>
    <format>PNG</format>
  </file>
  <file name="screenshot_03_thumb.jpg" source="derivative">
    <format>JPEG Thumb</format>
    <original>screenshot_03.png</original>
    <mtime>1702009268</mtime>
    <size>9802</size>
    <md5>e5af73fb765e9caf9d6c0b89a610515f</md5>
    <crc32>2a8f542b</crc32>
    <sha1>9de76b63231ea3cc7bae3b98ed08930de5ee5c84</sha1>
  </file>
  <file name="screenshot_04.png" source="original">
    <mtime>1702002635</mtime>
    <size>15643</size>
    <md5>188f53ae124af8972d249d515308579d</md5>
    <crc32>1070f359</crc32>
    <sha1>7767baefa3f2825013a52ea6f04c88c9d7c333a2</sha1>
    <format>PNG</format>
  </file>
  <file name="screenshot_04_thumb.jpg" source="derivative">
    <format>JPEG Thumb</format>
    <original>screenshot_04.png</original>
    <mtime>1702009271</mtime>
    <size>10053</size>
    <md5>fa9920ad030da0ca297f1fdec8a0deaf</md5>
    <crc32>0fd7f114</crc32>
    <sha1>42026a91fd222801c023ce31e9ebe9b37d952a56</sha1>
  </file>
  <file name="screenshot_05.png" source="original">
    <mtime>1702002638</mtime>
    <size>15428</size>
    <md5>19493ce98c6c57daa978cd8a98eb0368</md5>
    <crc32>2833e25a</crc32>
    <sha1>627eb0615e0d9f1a2e9fb4400aeec8031b66ca2f</sha1>
    <format>PNG</format>
  </file>
  <file name="screenshot_05_thumb.jpg" source="derivative">
    <format>JPEG Thumb</format>
    <original>screenshot_05.png</original>
    <mtime>1702009273</mtime>
    <size>9692</size>
    <md5>9198bf9b200faa9f152b52ba4156e812</md5>
    <crc32>c4603ce5</crc32>
    <sha1>d5f29cf50f07daf96b2a59b1aeae3d6369ebf60e</sha1>
  </file>
  <file name="screenshot_06.png" source="original">
    <mtime>1702002639</mtime>
    <size>16426</size>
    <md5>23376ac1eb90a3bc52c6dce4125ef094</md5>
    <crc32>74e48acb</crc32>
    <sha1>68c7a9488992910de2d27b6ab17bbd2c16943842</sha1>
    <format>PNG</format>
  </file>
  <file name="screenshot_06_thumb.jpg" source="derivative">
    <format>JPEG Thumb</format>
    <original>screenshot_06.png</original>
    <mtime>1702009276</mtime>
    <size>10202</size>
    <md5>b8ab61801420eef8d34c23100d1a53a2</md5>
    <crc32>1c858db2</crc32>
    <sha1>92a49758607d2c6716fb22f4c70509b672dd1b85</sha1>
  </file>
  <file name="screenshot_07.png" source="original">
    <mtime>1702002641</mtime>
    <size>14986</size>
    <md5>a1dd648050b925fefce0c15d338d756a</md5>
    <crc32>a007ff95</crc32>
    <sha1>d76b010d88ae8a77553b7ef5371a4daac82118c7</sha1>
    <format>PNG</format>
  </file>
  <file name="screenshot_07_thumb.jpg" source="derivative">
    <format>JPEG Thumb</format>
    <original>screenshot_07.png</original>
    <mtime>1702009278</mtime>
    <size>9712</size>
    <md5>682c398ccb92e4bdecc1a455eae2cb6f</md5>
    <crc32>a314aa2e</crc32>
    <sha1>640dc6eff729dcb38c4a2b9a44221270808a9f54</sha1>
  </file>
  <file name="screenshot_08.png" source="original">
    <mtime>1702002644</mtime>
    <size>15881</size>
    <md5>d0d1b9e1421386a14023639f81e26513</md5>
    <crc32>ea2dc2f4</crc32>
    <sha1>3a2ab2168419ffe6bd31557ae23d5afe6198bef5</sha1>
    <format>PNG</format>
  </file>
  <file name="screenshot_08_thumb.jpg" source="derivative">
    <format>JPEG Thumb</format>
    <original>screenshot_08.png</original>
    <mtime>1702009281</mtime>
    <size>10312</size>
    <md5>7ee662f19a0f632eb6c5c2cefb62b831</md5>
    <crc32>4c3ae2ca</crc32>
    <sha1>2f9cd216f4e2530f4a587609d683a9429deeb278</sha1>
  </file>
  <file name="screenshot_09.png" source="original">
    <mtime>1702002646</mtime>
    <size>16193</size>
    <md5>69c803593ce17ea1b9a55cdf101a9541</md5>
    <crc32>59829777</crc32>
    <sha1>e5c83541ac129107c14ae666ddd757b7ba08ffb9</sha1>
    <format>PNG</format>
  </file>
  <file name="screenshot_09_thumb.jpg" source="derivative">
    <format>JPEG Thumb</format>
    <original>screenshot_09.png</original>
    <mtime>1702009283</mtime>
    <size>9666</size>
    <md5>5b964443232d8994ebd8e4af27128584</md5>
    <crc32>14d719ee</crc32>
    <sha1>86f4289046bdbe4a7eab71bcf85c146bf858acce</sha1>
  </file>
  <file name="screenshot_10.png" source="original">
    <mtime>1702002649</mtime>
    <size>15890</size>
    <md5>696c068f5ab3552da5d1823261d36d0c</md5>
    <crc32>f93a19ea</crc32>
    <sha1>d41292a5a0b6386b9c2c5da2b90d9edff266b848</sha1>
    <format>PNG</format>
  </file>
  <file name="screenshot_10_thumb.jpg" source="derivative">
    <format>JPEG Thumb</format>
    <original>screenshot_10.png</original>
    <mtime>1702009286</mtime>
    <size>10067</size>
    <md5>8af5bc6352526f65fda955e6632a7916</md5>
    <crc32>2f5b65c7</crc32>
    <sha1>3a15d6b72767e266c4dc35ceb0f7fafaf3b949c8</sha1>
  </file>
  <file name="screenshot_11.png" source="original">
    <mtime>1702002651</mtime>
    <size>15467</size>
    <md5>1db0581c3d58912427473278c8732491</md5>
    <crc32>81a68eac</crc32>
    <sha1>f96c15d5dac684b4bfcb95ca03e11a4464c63629</sha1>
    <format>PNG</format>
  </file>
  <file name="screenshot_11_thumb.jpg" source="derivative">
    <format>JPEG Thumb</format>
    <original>screenshot_11.png</original>
    <mtime>1702009288</mtime>
    <size>9743</size>
    <md5>610e2a533f34cd7c56fc0b27e20216cc</md5>
    <crc32>a438b4ac</crc32>
    <sha1>2462ad677254dccfc016facef4476621f12d30e5</sha1>
  </file>
  <file name="screenshot_12.png" source="original">
    <mtime>1702002653</mtime>
    <size>15690</size>
    <md5>f89dfe41702cca644e3b255de386e38d</md5>
    <crc32>57a4288d</crc32>
    <sha1>15c76047c23e789fa443d211e80f24667c663d75</sha1>
    <format>PNG</format>
  </file>
  <file name="screenshot_12_thumb.jpg" source="derivative">
    <format>JPEG Thumb</format>
    <original>screenshot_12.png</original>
    <mtime>1702009291</mtime>
    <size>10006</size>
    <md5>a52447f7650411f53efd2de82532894b</md5>
    <crc32>d75916ed</crc32>
    <sha1>9d8bf1881e72f64064f9149b4a8c599af037a6db</sha1>
  </file>
  <file name="screenshot_13.png" source="original">
    <mtime>1702002654</mtime>
    <size>16426</size>
    <md5>5b259809d3991a4670173c89c6ab3dba</md5>
    <crc32>d309e9b9</crc32>
    <sha1>6af9c1a74ac65c9102d1932f5e15b556a88a1a0d</sha1>
    <format>PNG</format>
  </file>
  <file name="screenshot_13_thumb.jpg" source="derivative">
    <format>JPEG Thumb</format>
    <original>screenshot_13.png</original>
    <mtime>1702009293</mtime>
    <size>10060</size>
    <md5>f2c69b618acf27e8ec1913c5e4944b60</md5>
    <crc32>c103f06d</crc32>
    <sha1>9cd134dfae432098e5dda096001e29a46fe3f506</sha1>
  </file>
  <file name="screenshot_14.png" source="original">
    <mtime>1702002657</mtime>
    <size>16991</size>
    <md5>f10b2c000e42fa821fd929b9828cfa3e</md5>
    <crc32>368490e8</crc32>
    <sha1>994113b222c7346d4129a86be59a636e8bbbe7a5</sha1>
    <format>PNG</format>
  </file>
  <file name="screenshot_14_thumb.jpg" source="derivative">
    <format>JPEG Thumb</format>
    <original>screenshot_14.png</original>
    <mtime>1702009295</mtime>
    <size>10362</size>
    <md5>0f5dd6a82035dc41f0bb089d137a6273</md5>
    <crc32>84dce51c</crc32>
    <sha1>e8a67a30ba6dc5eafd2b0b3c382aa870bff240af</sha1>
  </file>
  <file name="screenshot_15.png" source="original">
    <mtime>1702002659</mtime>
    <size>15119</size>
    <md5>25f1ffba285d2f3eb0e2b912aaab036c</md5>
    <crc32>dd316cc0</crc32>
    <sha1>9d74c908ce57367e3bf16fd0ad2576058fcae4c9</sha1>
    <format>PNG</format>
  </file>
  <file name="screenshot_15_thumb.jpg" source="derivative">
    <format>JPEG Thumb</format>
    <original>screenshot_15.png</original>
    <mtime>1702009298</mtime>
    <size>9850</size>
    <md5>8dae796cb64e7d9db4c6a4325150c00f</md5>
    <crc32>172f1c0c</crc32>
    <sha1>5dbfa4d5bd1819c9a541c8b5aab314245e117215</sha1>
  </file>
  <file name="screenshot_16.png" source="original">
    <mtime>1702002662</mtime>
    <size>15923</size>
    <md5>f2b9e3fe27786e74d2eeb218201b1311</md5>
    <crc32>a4812fa7</crc32>
    <sha1>97982b0c51d39f5b96a4f04fcacbf65b29e23c00</sha1>
    <format>PNG</format>
  </file>
  <file name="screenshot_16_thumb.jpg" source="derivative">
    <format>JPEG Thumb</format>
    <original>screenshot_16.png</original>
    <mtime>1702009300</mtime>
    <size>10025</size>
    <md5>a1c10e6e9b9c7dfcc9db17eae1ac1fd6</md5>
    <crc32>000beac1</crc32>
    <sha1>3d4a28902ee4ef81c0ec97926f7b5361b339fd79</sha1>
  </file>
  <file name="screenshot_17.png" source="original">
    <mtime>1702002663</mtime>
    <size>15522</size>
    <md5>5401bd146ddc1ee1e481fe2e81a0db97</md5>
    <crc32>30568994</crc32>
    <sha1>550643f366f3af79d3b3dbf5ec399030d3add57f</sha1>
    <format>PNG</format>
  </file>
  <file name="screenshot_17_thumb.jpg" source="derivative">
    <format>JPEG Thumb</format>
    <original>screenshot_17.png</original>
    <mtime>1702009302</mtime>
    <size>10237</size>
    <md5>6cf0eadb203252193588197e4bae3661</md5>
    <crc32>bbed95ed</crc32>
    <sha1>6d423f782a13b101f6f7ad4f5789bacca4cff5d9</sha1>
  </file>
</files>
